{"assets/fonts/Pokemon Classic.ttf":["assets/fonts/Pokemon Classic.ttf"],"assets/poke_type_icons/dark.png":["assets/poke_type_icons/dark.png"],"assets/poke_type_icons/dragon.png":["assets/poke_type_icons/dragon.png"],"assets/poke_type_icons/electric.png":["assets/poke_type_icons/electric.png"],"assets/poke_type_icons/fairy.png":["assets/poke_type_icons/fairy.png"],"assets/poke_type_icons/fire.png":["assets/poke_type_icons/fire.png"],"assets/poke_type_icons/ghost.png":["assets/poke_type_icons/ghost.png"],"assets/poke_type_icons/grass.png":["assets/poke_type_icons/grass.png"],"assets/poke_type_icons/psychic.png":["assets/poke_type_icons/psychic.png"],"assets/poke_type_icons/steel.png":["assets/poke_type_icons/steel.png"],"assets/poke_type_icons/water.png":["assets/poke_type_icons/water.png"],"assets/pokeballs/pokeball-dark.png":["assets/pokeballs/pokeball-dark.png"],"assets/pokeballs/pokeball-dragon.png":["assets/pokeballs/pokeball-dragon.png"],"assets/pokeballs/pokeball-electric.png":["assets/pokeballs/pokeball-electric.png"],"assets/pokeballs/pokeball-fairy.png":["assets/pokeballs/pokeball-fairy.png"],"assets/pokeballs/pokeball-fire.png":["assets/pokeballs/pokeball-fire.png"],"assets/pokeballs/pokeball-ghost.png":["assets/pokeballs/pokeball-ghost.png"],"assets/pokeballs/pokeball-grass.png":["assets/pokeballs/pokeball-grass.png"],"assets/pokeballs/pokeball-psychic.png":["assets/pokeballs/pokeball-psychic.png"],"assets/pokeballs/pokeball-steel.png":["assets/pokeballs/pokeball-steel.png"],"assets/pokeballs/pokeball-water.png":["assets/pokeballs/pokeball-water.png"],"assets/pokeballs/pokeball.png":["assets/pokeballs/pokeball.png"],"assets/pokeballs/pokeball_original.png":["assets/pokeballs/pokeball_original.png"],"assets/pokeballs/pokeball_small.png":["assets/pokeballs/pokeball_small.png"],"assets/pokeballs/pokeball_small_red.png":["assets/pokeballs/pokeball_small_red.png"],"assets/pokeballs/pokeball_small_white.png":["assets/pokeballs/pokeball_small_white.png"],"assets/pokeballs/pokeballs.mdp":["assets/pokeballs/pokeballs.mdp"],"assets/pokeballs/pokeballs_small.mdp":["assets/pokeballs/pokeballs_small.mdp"],"packages/cupertino_icons/assets/CupertinoIcons.ttf":["packages/cupertino_icons/assets/CupertinoIcons.ttf"]}